"asset_id","storage_path","camera_id","camera_name","revier_id","revier_name","captured_at","detection_id","current_auto_species","corrected_species","effective_species","md_animal_score","clip_species_score","md_bbox","benchmark_bucket"
"e2354fae-2cb6-4cc9-ba0d-0b91ad7d0ce6","feea88bb-eaaa-4066-bb14-c99bbd219c9c/1778538824912-426dae0209b7.jpg","feea88bb-eaaa-4066-bb14-c99bbd219c9c","xview","4154b746-cb39-448f-971b-9a193c55e3b8","Heubachwiesen","2026-05-11 22:33:45.578031+00","52360838-1c89-475f-b92e-1a2039d867f2","badger","other","other","0.765","0.27489960193634033","[0.6673,0.6115,0.1426,0.0611]","hard_case_corrected"
"3cf532a6-67e4-4214-87c5-ce9844193b15","feea88bb-eaaa-4066-bb14-c99bbd219c9c/1778538822105-d0d0d0d48385.jpg","feea88bb-eaaa-4066-bb14-c99bbd219c9c","xview","4154b746-cb39-448f-971b-9a193c55e3b8","Heubachwiesen","2026-05-11 22:33:42.574503+00","003cd710-53ea-4f7c-9131-24ee2725fa65","raccoon","other","other","0.881","0.28169238567352295","[0.6748,0.5967,0.1421,0.0618]","hard_case_corrected"
"5901c932-0325-4ee7-a1d6-0d8ae5903b84","df34afc9-5300-4819-9d1d-9579aad29914/1778532457339-2b88c2993a01.png","df34afc9-5300-4819-9d1d-9579aad29914","Zeiss","4154b746-cb39-448f-971b-9a193c55e3b8","Heubachwiesen","2026-05-11 20:13:49+00","e5fbfdf2-da94-48ec-b8d8-72a7e90900ef","roe_deer","hare","hare","0.676","0.2765093445777893","[0.2835,0.4854,0.0359,0.0635]","hard_case_corrected"
"a0e919c1-3250-4c43-a999-bbc31a810d91","df34afc9-5300-4819-9d1d-9579aad29914/1778498192688-fce829666c3a.jpg","df34afc9-5300-4819-9d1d-9579aad29914","Zeiss","4154b746-cb39-448f-971b-9a193c55e3b8","Heubachwiesen","2026-05-11 11:09:40+00","d2abe962-12cd-4e12-b76d-81c0912e0e6f","mouflon","hare","hare","0.939","0.2881002724170685","[0.3281,0.5052,0.039,0.0791]","hard_case_corrected"
"257c0676-a3ce-4010-943c-ffb4978896ed","df34afc9-5300-4819-9d1d-9579aad29914/1778491886778-f716c2ece628.jpg","df34afc9-5300-4819-9d1d-9579aad29914","Zeiss","4154b746-cb39-448f-971b-9a193c55e3b8","Heubachwiesen","2026-05-11 06:29:49+00","c003396c-0fde-46bc-a693-33d5035a58a9","roe_deer","hare","hare","0.896","0.3306686282157898","[0.3585,0.5479,0.0398,0.1177]","hard_case_corrected"
"25251bc8-9e9d-40cd-94ec-b25c73a0ee6a","df34afc9-5300-4819-9d1d-9579aad29914/1778479854533-ba88f24ead94.png","df34afc9-5300-4819-9d1d-9579aad29914","Zeiss","4154b746-cb39-448f-971b-9a193c55e3b8","Heubachwiesen","2026-05-11 03:27:20+00","07d37722-61ca-463d-b60f-701d9bc10723","roe_deer","hare","hare","0.9","0.2705596685409546","[0.871,0.5125,0.0617,0.0677]","hard_case_corrected"
"c7de8f9a-1544-46a6-ac9b-95c9e7726bd6","df34afc9-5300-4819-9d1d-9579aad29914/1778479852081-15bcd20f8eff.png","df34afc9-5300-4819-9d1d-9579aad29914","Zeiss","4154b746-cb39-448f-971b-9a193c55e3b8","Heubachwiesen","2026-05-11 02:56:25+00","332c6a17-d704-45e7-9708-0c4c62cf74ba","roe_deer","hare","hare","0.729","0.2849629521369934","[0.3757,0.4989,0.046,0.0635]","hard_case_corrected"
"bb54ba22-15ad-47d1-b356-16162682c36c","df34afc9-5300-4819-9d1d-9579aad29914/1778479850777-faa3eab99d11.png","df34afc9-5300-4819-9d1d-9579aad29914","Zeiss","4154b746-cb39-448f-971b-9a193c55e3b8","Heubachwiesen","2026-05-11 01:30:49+00","8c2c0a26-3b8f-4fc1-b1ef-741b43e1200a","badger","hare","hare","0.869","0.2580474019050598","[0.3632,0.5145,0.0359,0.0958]","hard_case_corrected"
"79f32a1e-2cc7-48f8-8a7a-04423408e11c","df34afc9-5300-4819-9d1d-9579aad29914/1778479849944-4658bd170e09.png","df34afc9-5300-4819-9d1d-9579aad29914","Zeiss","4154b746-cb39-448f-971b-9a193c55e3b8","Heubachwiesen","2026-05-10 22:00:25+00","1b7ad8c3-ff10-468f-a8cc-1910fb61f84c","roe_deer","hare","hare","0.915","0.2707470655441284","[0.4359,0.5708,0.1164,0.1343]","hard_case_corrected"
"7a0659b1-d571-4fe2-a7ed-ac9e819c0c19","df34afc9-5300-4819-9d1d-9579aad29914/1778432204147-aa50eb8b46fc.png","df34afc9-5300-4819-9d1d-9579aad29914","Zeiss","4154b746-cb39-448f-971b-9a193c55e3b8","Heubachwiesen","2026-05-10 16:10:30+00","72874a22-dd22-4955-a666-df646c26f5c9","mouflon","hare","hare","0.776","0.2697256803512573","[0.4476,0.5124,0.0296,0.0718]","hard_case_corrected"
"774ce55c-24a9-4a43-b8e2-4b45641f4e64","df34afc9-5300-4819-9d1d-9579aad29914/1778432204867-cc1b844b06c2.png","df34afc9-5300-4819-9d1d-9579aad29914","Zeiss","4154b746-cb39-448f-971b-9a193c55e3b8","Heubachwiesen","2026-05-10 15:32:52+00","f71ae1aa-b7f3-44f0-858e-e81e3b4a9056","roe_deer","hare","hare","0.927","0.27572423219680786","[0.439,0.5208,0.0375,0.0843]","hard_case_corrected"
"2a98c45c-8db1-4cf0-8334-109b2dcb8473","df34afc9-5300-4819-9d1d-9579aad29914/1778422276352-e67cfe817c04.png","df34afc9-5300-4819-9d1d-9579aad29914","Zeiss","4154b746-cb39-448f-971b-9a193c55e3b8","Heubachwiesen","2026-05-10 13:54:16+00","d66375bc-124b-4fa6-a14a-95b45b5e3e1c","badger","hare","hare","0.891","0.3026232123374939","[0.8726,0.5593,0.0546,0.0687]","hard_case_corrected"
"bbbbfead-227f-48f9-a037-f3317038f79b","df34afc9-5300-4819-9d1d-9579aad29914/1778411413707-53b9fc4a2f9f.png","df34afc9-5300-4819-9d1d-9579aad29914","Zeiss","4154b746-cb39-448f-971b-9a193c55e3b8","Heubachwiesen","2026-05-10 09:41:46+00","3a04cecc-a163-4601-95b1-b23bbc2b3330","roe_deer","hare","hare","0.946","0.3055293560028076","[0.3359,0.5437,0.0765,0.202]","hard_case_corrected"
"b76c9209-4870-4ae0-bc75-fc555e5b5d82","df34afc9-5300-4819-9d1d-9579aad29914/1778394528174-f93a721bdbe3.png","df34afc9-5300-4819-9d1d-9579aad29914","Zeiss","4154b746-cb39-448f-971b-9a193c55e3b8","Heubachwiesen","2026-05-10 06:17:12+00","d3d30650-8580-4672-9bf5-71439b0580ce","roe_deer","hare","hare","0.787","0.2871896028518677","[0.4218,0.5125,0.0843,0.076]","hard_case_corrected"
"0a1c86f4-4e10-49fb-b678-134595aaed78","df34afc9-5300-4819-9d1d-9579aad29914/1778357378948-e004df457d7a.png","df34afc9-5300-4819-9d1d-9579aad29914","Zeiss","4154b746-cb39-448f-971b-9a193c55e3b8","Heubachwiesen","2026-05-09 19:57:01+00","e27a09a5-906c-4526-864a-17b200dad3a6","roe_deer","hare","hare","0.697","0.2939876914024353","[0.4328,0.5239,0.0617,0.051]","hard_case_corrected"
"d64af8d4-a121-480c-b490-799ae1688709","feea88bb-eaaa-4066-bb14-c99bbd219c9c/1778346582014-434d458a31fc.jpg","feea88bb-eaaa-4066-bb14-c99bbd219c9c","xview","4154b746-cb39-448f-971b-9a193c55e3b8","Heubachwiesen","2026-05-09 17:09:42.602817+00","0c0f286b-5697-46d9-994a-5adee15809cf","roe_deer","hare","hare","0.777","0.32205522060394287","[0.7726,0.4926,0.0342,0.0685]","hard_case_corrected"
"a42e6efb-829f-4eea-b8a8-5f7a3b770f1c","df34afc9-5300-4819-9d1d-9579aad29914/1778345816228-317b31c9c06b.png","df34afc9-5300-4819-9d1d-9579aad29914","Zeiss","4154b746-cb39-448f-971b-9a193c55e3b8","Heubachwiesen","2026-05-09 15:19:05+00","9cdcb9d1-b486-4f2a-af93-3c269721298e","roe_deer","hare","hare","0.741","0.3089229464530945","[0.6625,0.5187,0.0429,0.025]","hard_case_corrected"
"651d00fa-a665-4880-a40c-dd0a8aa9c332","df34afc9-5300-4819-9d1d-9579aad29914/1778345815329-79ea7cad57af.png","df34afc9-5300-4819-9d1d-9579aad29914","Zeiss","4154b746-cb39-448f-971b-9a193c55e3b8","Heubachwiesen","2026-05-09 15:17:57+00","1884b6d7-b88c-4371-b3c6-18f0e554a7fa","roe_deer","hare","hare","0.884","0.309491902589798","[0.6296,0.5083,0.046,0.0489]","hard_case_corrected"
"60e65da4-5f74-44fd-8d1f-118e49856723","df34afc9-5300-4819-9d1d-9579aad29914/1778345813346-7996a61d8940.png","df34afc9-5300-4819-9d1d-9579aad29914","Zeiss","4154b746-cb39-448f-971b-9a193c55e3b8","Heubachwiesen","2026-05-09 15:13:02+00","75d4383b-b07e-46d0-8d6c-17ab8d5d6a86","roe_deer","hare","hare","0.934","0.3137807250022888","[0.7757,0.5739,0.0984,0.1031]","hard_case_corrected"
"96a31b74-7872-4daa-8a9b-9d04766153aa","df34afc9-5300-4819-9d1d-9579aad29914/1778328058981-c37a39b7ac44.png","df34afc9-5300-4819-9d1d-9579aad29914","Zeiss","4154b746-cb39-448f-971b-9a193c55e3b8","Heubachwiesen","2026-05-09 09:01:45+00","e034e434-d989-493b-af6c-10bb15db8568","pheasant","other","other","0.938","0.2988501191139221","[0.7695,0.352,0.2148,0.1052]","hard_case_corrected"
"a63ee54d-1180-4329-bb46-0e93e15a290c","df34afc9-5300-4819-9d1d-9579aad29914/1778269315389-8d6ecabd32dd.png","df34afc9-5300-4819-9d1d-9579aad29914","Zeiss","4154b746-cb39-448f-971b-9a193c55e3b8","Heubachwiesen","2026-05-08 19:16:12+00","9807ed5b-4088-44d6-bf91-512a9a03fb60","red_deer","roe_deer","roe_deer","0.941","0.2801450192928314","[0.4624,0.4729,0.0921,0.0645]","hard_case_corrected"
"7a57e7c1-2773-4dd9-9b4b-609b2ef49d94","df34afc9-5300-4819-9d1d-9579aad29914/1778190627652-1c3779ea546b.png","df34afc9-5300-4819-9d1d-9579aad29914","Zeiss","4154b746-cb39-448f-971b-9a193c55e3b8","Heubachwiesen","2026-05-07 19:47:25+00","0b588063-82c4-4177-864e-96b71ddc7639","roe_deer","hare","hare","0.543","0.30597227811813354","[0.4773,0.4979,0.032,0.0833]","hard_case_corrected"
"4c2c12c5-4ed5-4f59-a54e-7c4832106293","feea88bb-eaaa-4066-bb14-c99bbd219c9c/1778137474318-1e39e87feade.jpg","feea88bb-eaaa-4066-bb14-c99bbd219c9c","xview","4154b746-cb39-448f-971b-9a193c55e3b8","Heubachwiesen","2026-05-07 07:04:34.963031+00","8efdfc60-5c2e-44aa-8180-0e90797544bd","hare","roe_deer","roe_deer","0.754","0.3347351551055908","[0.697,0.4663,0.0569,0.0409]","hard_case_corrected"
"76f9e4d6-302f-44d1-9cad-53d8242660f1","feea88bb-eaaa-4066-bb14-c99bbd219c9c/1778137470838-af7818b8778f.jpg","feea88bb-eaaa-4066-bb14-c99bbd219c9c","xview","4154b746-cb39-448f-971b-9a193c55e3b8","Heubachwiesen","2026-05-07 07:04:31.874882+00","09fa215c-3c3d-4f8b-a27d-c425af69358b","hare","roe_deer","roe_deer","0.78","0.32159966230392456","[0.6915,0.4677,0.0675,0.0416]","hard_case_corrected"
"2c068633-e962-4a94-865d-e152ee06de33","feea88bb-eaaa-4066-bb14-c99bbd219c9c/1778105886644-c8a88bb56ed1.jpg","feea88bb-eaaa-4066-bb14-c99bbd219c9c","xview","4154b746-cb39-448f-971b-9a193c55e3b8","Heubachwiesen","2026-05-06 22:18:07.053388+00","3fb4419c-360d-4793-a4d2-aecec301e7db","roe_deer","hare","hare","0.899","0.2869558334350586","[0.07,0.5551,0.1068,0.1465]","hard_case_corrected"
"c57de30a-c544-406e-b0a0-9860cc3a15c0","feea88bb-eaaa-4066-bb14-c99bbd219c9c/1778105883720-fbc1264c74d2.jpg","feea88bb-eaaa-4066-bb14-c99bbd219c9c","xview","4154b746-cb39-448f-971b-9a193c55e3b8","Heubachwiesen","2026-05-06 22:18:04.504161+00","9e4e8683-99f3-48f1-8a1a-ee7cbf7a7161","roe_deer","hare","hare","0.856","0.27530866861343384","[0.0685,0.5678,0.1098,0.1344]","hard_case_corrected"
"6bc5f83c-887f-42f5-9ab6-db1b8933e9d8","df34afc9-5300-4819-9d1d-9579aad29914/1778060972697-7e983de48c56.jpg","df34afc9-5300-4819-9d1d-9579aad29914","Zeiss","4154b746-cb39-448f-971b-9a193c55e3b8","Heubachwiesen","2026-05-06 04:50:50+00","0bd3988a-56c4-41a2-9205-fd2dcf8efb27","roe_deer","hare","hare","0.894","0.32729804515838623","[0.696,0.5541,0.0695,0.1156]","hard_case_corrected"
"a5293940-f53b-480f-bb7f-d35e1b038351","feea88bb-eaaa-4066-bb14-c99bbd219c9c/1777881223543-6e48e4958066.jpg","feea88bb-eaaa-4066-bb14-c99bbd219c9c","xview","4154b746-cb39-448f-971b-9a193c55e3b8","Heubachwiesen","2026-05-04 07:53:43.982525+00","bbe78dc2-1d3f-4f92-af5f-299cb305493d","wild_boar","roe_deer","roe_deer","0.846","0.2973496913909912","[0.2716,0.4334,0.0791,0.0625]","hard_case_corrected"
"dc539f86-60a1-46cf-ba22-7c5a683a0fc0","feea88bb-eaaa-4066-bb14-c99bbd219c9c/1777881219846-332ebf53eb19.jpg","feea88bb-eaaa-4066-bb14-c99bbd219c9c","xview","4154b746-cb39-448f-971b-9a193c55e3b8","Heubachwiesen","2026-05-04 07:53:40.435063+00","06da5511-342e-400f-8af9-9c55a9ab7cc7","hare","roe_deer","roe_deer","0.797","0.30889445543289185","[0.2681,0.4334,0.0866,0.0625]","hard_case_corrected"
"a5b0fdfb-c4e5-4143-831b-d2a27ba2fbc4","feea88bb-eaaa-4066-bb14-c99bbd219c9c/1777869599911-1629ceed2481.jpg","feea88bb-eaaa-4066-bb14-c99bbd219c9c","xview","4154b746-cb39-448f-971b-9a193c55e3b8","Heubachwiesen","2026-05-04 04:40:00.442662+00","64357386-b4c9-418c-bd7d-5bd39ef570ef","red_deer","roe_deer","roe_deer","0.78","0.3321218490600586","[0.1612,0.3991,0.1451,0.2399]","hard_case_corrected"
"0dca9c6c-8e67-493b-9fd1-74224d5f39c0","feea88bb-eaaa-4066-bb14-c99bbd219c9c/1777869597587-6a0b739b3f72.jpg","feea88bb-eaaa-4066-bb14-c99bbd219c9c","xview","4154b746-cb39-448f-971b-9a193c55e3b8","Heubachwiesen","2026-05-04 04:39:58.016407+00","547727c4-039c-4826-9a46-5cb963591df4","red_deer","roe_deer","roe_deer","0.789","0.29203134775161743","[0.1628,0.4146,0.1507,0.209]","hard_case_corrected"
"600166db-bcf6-4113-b429-8bc61053e034","feea88bb-eaaa-4066-bb14-c99bbd219c9c/1777865263950-5637501c868b.jpg","feea88bb-eaaa-4066-bb14-c99bbd219c9c","xview","4154b746-cb39-448f-971b-9a193c55e3b8","Heubachwiesen","2026-05-04 03:27:44.211847+00","4d546c6c-035f-4e02-81b4-2f2c49e6c7af","crow","roe_deer","roe_deer","0.613","0.23749381303787231","[0.1436,0.4852,0.3014,0.1908]","hard_case_corrected"
"b63c8faa-a7fb-4e28-8a3c-ea6a7b3b6177","feea88bb-eaaa-4066-bb14-c99bbd219c9c/1777865261466-ded8809e2540.jpg","feea88bb-eaaa-4066-bb14-c99bbd219c9c","xview","4154b746-cb39-448f-971b-9a193c55e3b8","Heubachwiesen","2026-05-04 03:27:42.100991+00","9fe946ff-4f70-41df-9dde-863c37e5acf2","crow","roe_deer","roe_deer","0.762","0.25219297409057617","[0.0015,0.4899,0.2812,0.1854]","hard_case_corrected"
"412a4075-f64d-483c-a04d-b5f6190f7329","feea88bb-eaaa-4066-bb14-c99bbd219c9c/1777818842177-e53fb6fc997b.jpg","feea88bb-eaaa-4066-bb14-c99bbd219c9c","xview","4154b746-cb39-448f-971b-9a193c55e3b8","Heubachwiesen","2026-05-03 14:34:02.924358+00","be9fa4aa-c3a4-497f-abcf-929af8a82233","pheasant","roe_deer","roe_deer","0.439","0.2949495315551758","[0.9793,0.387,0.0206,0.2076]","hard_case_corrected"
"c7271874-6803-4e16-b8c0-dd63adb017fc","feea88bb-eaaa-4066-bb14-c99bbd219c9c/1777816851544-f6da23f188bd.jpg","feea88bb-eaaa-4066-bb14-c99bbd219c9c","xview","4154b746-cb39-448f-971b-9a193c55e3b8","Heubachwiesen","2026-05-03 14:00:51.965552+00","a93220a6-b08a-4579-8a9e-416043843bd6","badger","roe_deer","roe_deer","0.939","0.2909003794193268","[0.4732,0.4361,0.1113,0.092]","hard_case_corrected"
"58acb656-e436-4fc0-afb5-8892b620ebf1","feea88bb-eaaa-4066-bb14-c99bbd219c9c/1777816847914-c57ff8f2ac13.jpg","feea88bb-eaaa-4066-bb14-c99bbd219c9c","xview","4154b746-cb39-448f-971b-9a193c55e3b8","Heubachwiesen","2026-05-03 14:00:48.851801+00","08e57956-79eb-4c05-a760-69f00241ef42","red_deer","roe_deer","roe_deer","0.936","0.31329047679901123","[0.4551,0.4395,0.1265,0.0866]","hard_case_corrected"
"e66a7a47-7610-4917-8fbc-e606d7ebfb33","feea88bb-eaaa-4066-bb14-c99bbd219c9c/1777795896102-9af0a68cab64.jpg","feea88bb-eaaa-4066-bb14-c99bbd219c9c","xview","4154b746-cb39-448f-971b-9a193c55e3b8","Heubachwiesen","2026-05-03 08:11:36.612748+00","5976e802-cf1b-46b1-8539-75c499740c67","roe_deer","hare","hare","0.497","0.32367563247680664","[0.6824,0.4838,0.0539,0.045]","hard_case_corrected"
"573f9a1a-d16a-4707-a529-116dd2e1353a","df34afc9-5300-4819-9d1d-9579aad29914/1777794054984-e7c38310e0d8.png","df34afc9-5300-4819-9d1d-9579aad29914","Zeiss","4154b746-cb39-448f-971b-9a193c55e3b8","Heubachwiesen","2026-05-03 02:26:44+00","7c7076d5-dd7e-4471-9aa5-5617f7a5223e","wild_boar","roe_deer","roe_deer","0.942","0.27239561080932617","[0.1148,0.502,0.3992,0.3156]","hard_case_corrected"
"85c1ffb9-84c5-41d6-88f7-33700b25143a","df34afc9-5300-4819-9d1d-9579aad29914/1777794055624-3ec6f4930b4a.png","df34afc9-5300-4819-9d1d-9579aad29914","Zeiss","4154b746-cb39-448f-971b-9a193c55e3b8","Heubachwiesen","2026-05-02 19:31:06+00","ed8fca9e-12f3-4381-b2f2-7eaa9bd6e58e","red_deer","roe_deer","roe_deer","0.887","0.2520383894443512","[0.5382,0.452,0.1273,0.1083]","hard_case_corrected"
"c42f3434-656b-4fdb-8093-27eee02e0dee","feea88bb-eaaa-4066-bb14-c99bbd219c9c/1777704026018-c89935008ea5.jpg","feea88bb-eaaa-4066-bb14-c99bbd219c9c","xview","4154b746-cb39-448f-971b-9a193c55e3b8","Heubachwiesen","2026-05-02 06:40:26.388703+00","c87b08e3-186d-4121-a7e9-323b50571fb5","pheasant","other","other","0.743","0.2752586603164673","[0.2691,0.4126,0.0745,0.0873]","hard_case_corrected"
"6ae1ea7b-da73-4b9d-8d99-5f92c6839489","feea88bb-eaaa-4066-bb14-c99bbd219c9c/1777704023090-43a6be806ca9.jpg","feea88bb-eaaa-4066-bb14-c99bbd219c9c","xview","4154b746-cb39-448f-971b-9a193c55e3b8","Heubachwiesen","2026-05-02 06:40:23.684857+00","66dfb50d-8d38-4373-a764-704bbd35527c","mouflon","other","other","0.753","0.2886045575141907","[0.2308,0.4159,0.0761,0.0786]","hard_case_corrected"
"c6d1edcb-4e8b-4cf6-a12e-b7e8e244c9b0","df34afc9-5300-4819-9d1d-9579aad29914/1777706562914-18ba3e350dd0.png","df34afc9-5300-4819-9d1d-9579aad29914","Zeiss","4154b746-cb39-448f-971b-9a193c55e3b8","Heubachwiesen","2026-05-01 21:34:34+00","2d2e7e1e-1a3d-4338-9690-6df5305a801d","roe_deer","hare","hare","0.919","0.2931419610977173","[0.6289,0.5729,0.0609,0.0937]","hard_case_corrected"
"3f795a65-4330-4bfc-a5ba-573f1a945cbc","df34afc9-5300-4819-9d1d-9579aad29914/1777669586985-af5bf9724ec8.png","df34afc9-5300-4819-9d1d-9579aad29914","Zeiss","4154b746-cb39-448f-971b-9a193c55e3b8","Heubachwiesen","2026-05-01 20:02:13+00","8a23540b-a01f-4bea-ac8f-e521e1db1b05","fox","hare","hare","0.231","0.2776579260826111","[0.6476,0.5124,0.0343,0.0239]","hard_case_corrected"
"f7626fef-98ca-4a6f-b0ea-2d96dca5be1c","feea88bb-eaaa-4066-bb14-c99bbd219c9c/1777549135671-85d44653903d.jpg","feea88bb-eaaa-4066-bb14-c99bbd219c9c","xview","4154b746-cb39-448f-971b-9a193c55e3b8","Heubachwiesen","2026-04-30 11:38:56.33882+00","496768aa-e080-40bf-a8c1-92b55242c10a","hare","roe_deer","roe_deer","0.665","0.3033964931964874","[0.8359,0.3906,0.0367,0.0255]","hard_case_corrected"
"3235e023-10c3-4cb6-94b2-6cf9380b011c","feea88bb-eaaa-4066-bb14-c99bbd219c9c/1777533983220-bcb1d5f29d44.jpg","feea88bb-eaaa-4066-bb14-c99bbd219c9c","xview","4154b746-cb39-448f-971b-9a193c55e3b8","Heubachwiesen","2026-04-30 07:26:23.884908+00","2ab790be-3061-4b92-92d9-8fd7beb88ec9","raccoon","hare","hare","0.494","0.29062891006469727","[0.9671,0.4479,0.0328,0.1338]","hard_case_corrected"
"31b8b40b-6ff5-4a62-8f47-411546152f64","feea88bb-eaaa-4066-bb14-c99bbd219c9c/1777523598950-10138b16f6e4.jpg","feea88bb-eaaa-4066-bb14-c99bbd219c9c","xview","4154b746-cb39-448f-971b-9a193c55e3b8","Heubachwiesen","2026-04-30 04:33:19.838448+00","26ea84e8-6ec4-46d5-aa96-0864a496ea4f","roe_deer","hare","hare","0.934","0.2995529770851135","[0.4324,0.5,0.1109,0.1234]","hard_case_corrected"
"cd65f9f3-0f0d-498d-ad44-b943e7f23b28","feea88bb-eaaa-4066-bb14-c99bbd219c9c/1777516661535-a24af44772ee.jpg","feea88bb-eaaa-4066-bb14-c99bbd219c9c","xview","4154b746-cb39-448f-971b-9a193c55e3b8","Heubachwiesen","2026-04-30 02:37:42.408613+00","4d532a81-38b5-4719-8798-8825c8b1f653","wolf","hare","hare","0.59","0.2968767285346985","[0.1664,0.4645,0.0464,0.1041]","hard_case_corrected"
"0b882ceb-e821-47a0-88be-29f71500aeed","feea88bb-eaaa-4066-bb14-c99bbd219c9c/1777881649472-601f2ba64612.jpg","feea88bb-eaaa-4066-bb14-c99bbd219c9c","xview","4154b746-cb39-448f-971b-9a193c55e3b8","Heubachwiesen","2026-05-04 08:00:50.242638+00","f15204a4-216e-40e9-9d30-41212bd07f04","roe_deer","roe_deer","roe_deer","0.908","0.3141183853149414","[0.5498,0.4529,0.0826,0.0537]","user_confirmed_same"
"2ddd39b6-9c52-4481-bf89-dacc5da01510","df34afc9-5300-4819-9d1d-9579aad29914/1778567077239-69e7b8c63c40.png","df34afc9-5300-4819-9d1d-9579aad29914","Zeiss","4154b746-cb39-448f-971b-9a193c55e3b8","Heubachwiesen","2026-05-12 06:19:22+00","f56bd72f-7bbe-47b2-8662-dbdb1189a631","wild_boar","null","wild_boar","0.206","0.24362719058990479","[0.1828,0.4249,0.0101,0.0135]","auto_only"
"2ddd39b6-9c52-4481-bf89-dacc5da01510","df34afc9-5300-4819-9d1d-9579aad29914/1778567077239-69e7b8c63c40.png","df34afc9-5300-4819-9d1d-9579aad29914","Zeiss","4154b746-cb39-448f-971b-9a193c55e3b8","Heubachwiesen","2026-05-12 06:19:22+00","bf04288e-8b80-4885-94bb-3b680291715b","roe_deer","null","roe_deer","0.774","0.31577497720718384","[0.9242,0.4875,0.0445,0.0375]","auto_only"
"25e59f98-e57e-40db-a98c-ba26cf1a14fd","df34afc9-5300-4819-9d1d-9579aad29914/1778567076277-27bee56dce0b.png","df34afc9-5300-4819-9d1d-9579aad29914","Zeiss","4154b746-cb39-448f-971b-9a193c55e3b8","Heubachwiesen","2026-05-12 05:56:04+00","791d0ded-9a90-4266-8573-a0ffeef8dccd","roe_deer","null","roe_deer","0.855","0.30859190225601196","[0.6249,0.4791,0.046,0.0489]","auto_only"
"d35874bb-c7dc-4b7a-a40b-a61b0df721a4","df34afc9-5300-4819-9d1d-9579aad29914/1778512942161-0ece43a37df2.jpg","df34afc9-5300-4819-9d1d-9579aad29914","Zeiss","4154b746-cb39-448f-971b-9a193c55e3b8","Heubachwiesen","2026-05-11 11:41:12+00","337ac7d8-9499-4545-9628-e2c81f75bd93","roe_deer","null","roe_deer","0.909","0.32929348945617676","[0.3789,0.452,0.046,0.0427]","auto_only"
"d35874bb-c7dc-4b7a-a40b-a61b0df721a4","df34afc9-5300-4819-9d1d-9579aad29914/1778512942161-0ece43a37df2.jpg","df34afc9-5300-4819-9d1d-9579aad29914","Zeiss","4154b746-cb39-448f-971b-9a193c55e3b8","Heubachwiesen","2026-05-11 11:41:12+00","08735b67-ab47-4260-9e34-c3910eef48c5","roe_deer","null","roe_deer","0.869","0.33664900064468384","[0.1703,0.4208,0.0406,0.0666]","auto_only"
"6c31e14f-76e0-4c80-abd5-796b667726d5","df34afc9-5300-4819-9d1d-9579aad29914/1778479853615-455b6fd0a908.png","df34afc9-5300-4819-9d1d-9579aad29914","Zeiss","4154b746-cb39-448f-971b-9a193c55e3b8","Heubachwiesen","2026-05-11 03:26:53+00","c5fd6d8c-783e-484a-afb7-f43e71e5e633","hare","null","hare","0.816","0.27337148785591125","[0.9078,0.5531,0.0609,0.0614]","auto_only"
"e7ef8a93-ac41-4c4e-be32-c2ff18b73fae","df34afc9-5300-4819-9d1d-9579aad29914/1778479852672-a05509a1f602.png","df34afc9-5300-4819-9d1d-9579aad29914","Zeiss","4154b746-cb39-448f-971b-9a193c55e3b8","Heubachwiesen","2026-05-11 03:25:48+00","5323da21-742e-410a-b284-0a5406722d90","roe_deer","null","roe_deer","0.293","0.2677990794181824","[0.4468,0.4583,0.0132,0.0145]","auto_only"
"e7ef8a93-ac41-4c4e-be32-c2ff18b73fae","df34afc9-5300-4819-9d1d-9579aad29914/1778479852672-a05509a1f602.png","df34afc9-5300-4819-9d1d-9579aad29914","Zeiss","4154b746-cb39-448f-971b-9a193c55e3b8","Heubachwiesen","2026-05-11 03:25:48+00","845abc43-13b5-4274-983b-a8524cb4787d","hare","null","hare","0.853","0.27278566360473633","[0.4429,0.5145,0.0484,0.0729]","auto_only"
"20676bfc-976d-4ce3-9248-e57f71de3d5d","df34afc9-5300-4819-9d1d-9579aad29914/1778479851317-e4590ed94289.png","df34afc9-5300-4819-9d1d-9579aad29914","Zeiss","4154b746-cb39-448f-971b-9a193c55e3b8","Heubachwiesen","2026-05-11 02:34:48+00","86e3a43f-b79c-42ce-a346-698ff525df77","roe_deer","null","roe_deer","0.816","0.27444201707839966","[0,0.4552,0.1992,0.3781]","auto_only"
"426d3c11-b293-4295-a58e-4ffb67ed274d","feea88bb-eaaa-4066-bb14-c99bbd219c9c/1778450912057-485d0353b44a.jpg","feea88bb-eaaa-4066-bb14-c99bbd219c9c","xview","4154b746-cb39-448f-971b-9a193c55e3b8","Heubachwiesen","2026-05-10 22:08:32.47612+00","daaf4c4a-4f43-4331-b3e9-924f76737a36","hare","null","hare","0.9","0.30743157863616943","[0.6799,0.5463,0.0554,0.0927]","auto_only"
"851093dc-4052-41cc-99d7-d922ce0e3d39","feea88bb-eaaa-4066-bb14-c99bbd219c9c/1778450909306-30b23c0250b7.jpg","feea88bb-eaaa-4066-bb14-c99bbd219c9c","xview","4154b746-cb39-448f-971b-9a193c55e3b8","Heubachwiesen","2026-05-10 22:08:30.009807+00","d2e6bae9-0001-4fde-bc59-149d792a356b","hare","null","hare","0.894","0.3115440607070923","[0.6789,0.5524,0.0554,0.0873]","auto_only"
"d12fa965-2cbb-480d-a460-2f7ac2155e18","df34afc9-5300-4819-9d1d-9579aad29914/1778446949544-f6a3a4e503a0.png","df34afc9-5300-4819-9d1d-9579aad29914","Zeiss","4154b746-cb39-448f-971b-9a193c55e3b8","Heubachwiesen","2026-05-10 20:23:09+00","c7f1009d-d37a-4f1b-adfa-9031080706c9","roe_deer","null","roe_deer","0.702","0.26261571049690247","[0.7109,0.5312,0.0687,0.1302]","auto_only"
"f036d215-7cab-4a8f-9c0f-2011c17d1cfe","df34afc9-5300-4819-9d1d-9579aad29914/1778446948839-f01b6a789e99.png","df34afc9-5300-4819-9d1d-9579aad29914","Zeiss","4154b746-cb39-448f-971b-9a193c55e3b8","Heubachwiesen","2026-05-10 20:17:39+00","ab5ef8d2-6c4c-4da4-845f-5a0ef26130b2","roe_deer","null","roe_deer","0.936","0.31289684772491455","[0.0765,0.4666,0.3187,0.3739]","auto_only"
"00d05b51-0eee-4d5c-999b-52922c7a2c08","feea88bb-eaaa-4066-bb14-c99bbd219c9c/1778437494066-b5ce39045fbd.jpg","feea88bb-eaaa-4066-bb14-c99bbd219c9c","xview","4154b746-cb39-448f-971b-9a193c55e3b8","Heubachwiesen","2026-05-10 18:24:54.870116+00","3e5a7c13-153a-4bab-99a4-c5a39bf2f40a","hare","null","hare","0.875","0.2940240502357483","[0.7051,0.6666,0.1038,0.129]","auto_only"
"5b128200-0000-40ae-817f-3102b6bcb5b8","feea88bb-eaaa-4066-bb14-c99bbd219c9c/1778437491470-539851cee366.jpg","feea88bb-eaaa-4066-bb14-c99bbd219c9c","xview","4154b746-cb39-448f-971b-9a193c55e3b8","Heubachwiesen","2026-05-10 18:24:52.019334+00","9257f5dc-24b1-4f25-8a0e-94fe865db54f","hare","null","hare","0.929","0.30134639143943787","[0.7157,0.6491,0.1204,0.1283]","auto_only"
"03b76daf-0b86-490c-8b6e-9ed527b9af4e","feea88bb-eaaa-4066-bb14-c99bbd219c9c/1778437184671-4b57819819ef.jpg","feea88bb-eaaa-4066-bb14-c99bbd219c9c","xview","4154b746-cb39-448f-971b-9a193c55e3b8","Heubachwiesen","2026-05-10 18:19:45.203766+00","8fda5315-0e84-4100-af61-2d5e5291109e","hare","null","hare","0.269","0.2999098300933838","[0.3981,0.4946,0.0448,0.0356]","auto_only"
"10743852-d073-4a2c-b79f-1e460a46e793","df34afc9-5300-4819-9d1d-9579aad29914/1778446947664-c79089ec5988.png","df34afc9-5300-4819-9d1d-9579aad29914","Zeiss","4154b746-cb39-448f-971b-9a193c55e3b8","Heubachwiesen","2026-05-10 18:12:49+00","91f183ee-3d3b-4849-871e-e2f219999b7a","roe_deer","null","roe_deer","0.919","0.2991337776184082","[0.6679,0.4593,0.0734,0.0979]","auto_only"
"10743852-d073-4a2c-b79f-1e460a46e793","df34afc9-5300-4819-9d1d-9579aad29914/1778446947664-c79089ec5988.png","df34afc9-5300-4819-9d1d-9579aad29914","Zeiss","4154b746-cb39-448f-971b-9a193c55e3b8","Heubachwiesen","2026-05-10 18:12:49+00","24f9883d-80f1-46cf-8c64-33f04ebaec04","roe_deer","null","roe_deer","0.919","0.29036569595336914","[0.5609,0.4,0.0609,0.1916]","auto_only"
"10743852-d073-4a2c-b79f-1e460a46e793","df34afc9-5300-4819-9d1d-9579aad29914/1778446947664-c79089ec5988.png","df34afc9-5300-4819-9d1d-9579aad29914","Zeiss","4154b746-cb39-448f-971b-9a193c55e3b8","Heubachwiesen","2026-05-10 18:12:49+00","3d86d980-e3fd-4c90-a825-f65976a52e4a","roe_deer","null","roe_deer","0.969","0.3003782629966736","[0.0593,0.4197,0.2882,0.4197]","auto_only"
"c7b4ab97-12ca-4bf9-9455-b7b7848c6de5","feea88bb-eaaa-4066-bb14-c99bbd219c9c/1778436758915-a6614cdd4bd5.jpg","feea88bb-eaaa-4066-bb14-c99bbd219c9c","xview","4154b746-cb39-448f-971b-9a193c55e3b8","Heubachwiesen","2026-05-10 18:12:39.701649+00","172a23ed-a59c-4500-984c-751240fb1dbb","hare","null","hare","0.927","0.3183368146419525","[0.8059,0.543,0.0821,0.1485]","auto_only"
"a0181e50-1d4f-471f-a585-277070bcd208","feea88bb-eaaa-4066-bb14-c99bbd219c9c/1778436755701-7307842f3d4f.jpg","feea88bb-eaaa-4066-bb14-c99bbd219c9c","xview","4154b746-cb39-448f-971b-9a193c55e3b8","Heubachwiesen","2026-05-10 18:12:36.427459+00","8156926e-4643-4dbb-bd0c-840d4966469e","hare","null","hare","0.916","0.3134099543094635","[0.7988,0.5564,0.0796,0.1243]","auto_only"
"fca46e7d-9aa9-4648-9ba1-2e1b6e8461aa","feea88bb-eaaa-4066-bb14-c99bbd219c9c/1778427409758-4985a0f18cd1.jpg","feea88bb-eaaa-4066-bb14-c99bbd219c9c","xview","4154b746-cb39-448f-971b-9a193c55e3b8","Heubachwiesen","2026-05-10 15:36:50.303278+00","0f4a5251-d049-41f0-86b4-e49bf455f455","hare","null","hare","0.911","0.3280761241912842","[0.0871,0.4583,0.1416,0.1176]","auto_only"
"8682cb12-714c-4d89-a441-1355feaf3b88","df34afc9-5300-4819-9d1d-9579aad29914/1778422275504-bd59ae708f3d.png","df34afc9-5300-4819-9d1d-9579aad29914","Zeiss","4154b746-cb39-448f-971b-9a193c55e3b8","Heubachwiesen","2026-05-10 12:43:23+00","a1188528-a741-4070-afbd-5fba845df10b","hare","null","hare","0.922","0.3173660635948181","[0.3164,0.5166,0.039,0.1114]","auto_only"
"e7e4ea7f-5499-4d5c-8c86-5f97afd2516a","df34afc9-5300-4819-9d1d-9579aad29914/1778411413176-b5deca9e9c65.png","df34afc9-5300-4819-9d1d-9579aad29914","Zeiss","4154b746-cb39-448f-971b-9a193c55e3b8","Heubachwiesen","2026-05-10 09:30:33+00","56e51d2b-6f63-429a-aae4-d5ee8780b4c8","hare","null","hare","0.923","0.28027716279029846","[0.2835,0.5,0.0335,0.0906]","auto_only"
"9d1f6e09-7c28-4507-a8f6-d2eb442fc134","df34afc9-5300-4819-9d1d-9579aad29914/1778411412590-5837430c08dc.png","df34afc9-5300-4819-9d1d-9579aad29914","Zeiss","4154b746-cb39-448f-971b-9a193c55e3b8","Heubachwiesen","2026-05-10 08:44:06+00","a4681028-9141-4bd5-81eb-a68c7c32662a","roe_deer","null","roe_deer","0.948","0.32105082273483276","[0.689,0.3854,0.125,0.2791]","auto_only"
"9d1f6e09-7c28-4507-a8f6-d2eb442fc134","df34afc9-5300-4819-9d1d-9579aad29914/1778411412590-5837430c08dc.png","df34afc9-5300-4819-9d1d-9579aad29914","Zeiss","4154b746-cb39-448f-971b-9a193c55e3b8","Heubachwiesen","2026-05-10 08:44:06+00","a854ddc9-dd87-4ea4-b096-8ae94e63b3a4","pheasant","null","pheasant","0.838","0.2518105208873749","[0.6406,0.1718,0.0453,0.0364]","auto_only"
"f7526a25-f1a9-455f-8167-8c8b5a2332f9","df34afc9-5300-4819-9d1d-9579aad29914/1778411410996-4d7682d125f8.png","df34afc9-5300-4819-9d1d-9579aad29914","Zeiss","4154b746-cb39-448f-971b-9a193c55e3b8","Heubachwiesen","2026-05-10 07:34:41+00","9c11654a-364f-41e6-9236-e86ec08cc574","hare","null","hare","0.912","0.2724965512752533","[0.7773,0.5802,0.0898,0.0895]","auto_only"
"d75b4ff8-8735-4e32-be90-ee60d048fcf7","df34afc9-5300-4819-9d1d-9579aad29914/1778357379919-4c5f4d87ba84.png","df34afc9-5300-4819-9d1d-9579aad29914","Zeiss","4154b746-cb39-448f-971b-9a193c55e3b8","Heubachwiesen","2026-05-09 19:15:02+00","66efe112-f084-43d4-89d2-50f355d657d1","hare","null","hare","0.922","0.3043041229248047","[0.296,0.6114,0.0921,0.1593]","auto_only"
"6a1944aa-1610-4322-ad1c-737f6588b148","feea88bb-eaaa-4066-bb14-c99bbd219c9c/1778346579505-102a94fbbe78.jpg","feea88bb-eaaa-4066-bb14-c99bbd219c9c","xview","4154b746-cb39-448f-971b-9a193c55e3b8","Heubachwiesen","2026-05-09 17:09:40.015795+00","41edf5e6-3914-49fa-800c-3feff41a8f60","hare","null","hare","0.762","0.31162697076797485","[0.7736,0.4979,0.0398,0.0631]","auto_only"
"657e07d5-21ad-4541-a873-e2ea3ecac63b","df34afc9-5300-4819-9d1d-9579aad29914/1778345817460-1e0ade199084.png","df34afc9-5300-4819-9d1d-9579aad29914","Zeiss","4154b746-cb39-448f-971b-9a193c55e3b8","Heubachwiesen","2026-05-09 16:32:08+00","ae3d62e1-707a-4dc0-b459-ebd6ac8cfaa0","hare","null","hare","0.929","0.31804999709129333","[0.7296,0.5572,0.1195,0.2729]","auto_only"
"f5968779-2438-46d7-8ec8-3852e9c533b0","df34afc9-5300-4819-9d1d-9579aad29914/1778345816875-287871d35e11.png","df34afc9-5300-4819-9d1d-9579aad29914","Zeiss","4154b746-cb39-448f-971b-9a193c55e3b8","Heubachwiesen","2026-05-09 16:31:34+00","900cd6e3-8abe-4cc8-aa6a-c58c552565c9","hare","null","hare","0.885","0.3343769609928131","[0.6656,0.4979,0.0242,0.0562]","auto_only"
"75714d50-c8ae-4762-89b6-138003e94a23","df34afc9-5300-4819-9d1d-9579aad29914/1778345813869-1c906200cfb9.png","df34afc9-5300-4819-9d1d-9579aad29914","Zeiss","4154b746-cb39-448f-971b-9a193c55e3b8","Heubachwiesen","2026-05-09 15:16:56+00","27fb6756-5e06-4542-9ec0-dbb1d5973ec1","hare","null","hare","0.929","0.30386847257614136","[0.446,0.5083,0.039,0.0947]","auto_only"
"031e83ec-fd8e-4e2d-8324-a14bd45cb979","df34afc9-5300-4819-9d1d-9579aad29914/1778269314323-d71cd4e16129.png","df34afc9-5300-4819-9d1d-9579aad29914","Zeiss","4154b746-cb39-448f-971b-9a193c55e3b8","Heubachwiesen","2026-05-08 19:15:03+00","6e5b3eff-d04a-49d8-a241-6007bd414f78","roe_deer","null","roe_deer","0.922","0.3010723292827606","[0.1789,0.4583,0.096,0.0697]","auto_only"
"8fc1a9c0-46ec-4ee3-9e66-7abc09cef4d7","df34afc9-5300-4819-9d1d-9579aad29914/1778269312961-d416faad547c.png","df34afc9-5300-4819-9d1d-9579aad29914","Zeiss","4154b746-cb39-448f-971b-9a193c55e3b8","Heubachwiesen","2026-05-08 19:14:27+00","0da66e56-3a29-4616-a248-e579e7ba1f72","roe_deer","null","roe_deer","0.937","0.2815079092979431","[0.1507,0.4572,0.0523,0.0666]","auto_only"
"8fe2000f-bf7d-45ff-9c63-c5d398cb7199","df34afc9-5300-4819-9d1d-9579aad29914/1778246357682-2f6303956349.jpg","df34afc9-5300-4819-9d1d-9579aad29914","Zeiss","4154b746-cb39-448f-971b-9a193c55e3b8","Heubachwiesen","2026-05-08 13:06:20+00","81f98b69-a3ba-4aa0-8a95-e140db843e7b","hare","null","hare","0.885","0.30724722146987915","[0.489,0.4854,0.0507,0.0666]","auto_only"
"597e22ed-c1ce-441f-bf2c-4b76ef7570ad","df34afc9-5300-4819-9d1d-9579aad29914/1778246358293-e5c58e270f9f.jpg","df34afc9-5300-4819-9d1d-9579aad29914","Zeiss","4154b746-cb39-448f-971b-9a193c55e3b8","Heubachwiesen","2026-05-08 13:04:59+00","546ad276-7402-4b35-a628-201e90780b1c","hare","null","hare","0.936","0.32174909114837646","[0.4835,0.5427,0.0828,0.1552]","auto_only"
"ecbf269e-6478-404f-8d64-2e735c05c5b2","feea88bb-eaaa-4066-bb14-c99bbd219c9c/1778178050398-9de114ab12c3.jpg","feea88bb-eaaa-4066-bb14-c99bbd219c9c","xview","4154b746-cb39-448f-971b-9a193c55e3b8","Heubachwiesen","2026-05-07 18:20:51.106801+00","a17e643b-c5cd-4711-a002-5dcafb0f7f72","hare","null","hare","0.26","0.25754761695861816","[0.9385,0.4885,0.0614,0.1733]","auto_only"
"ecbf269e-6478-404f-8d64-2e735c05c5b2","feea88bb-eaaa-4066-bb14-c99bbd219c9c/1778178050398-9de114ab12c3.jpg","feea88bb-eaaa-4066-bb14-c99bbd219c9c","xview","4154b746-cb39-448f-971b-9a193c55e3b8","Heubachwiesen","2026-05-07 18:20:51.106801+00","c256cb70-87d8-421e-ae5c-a9afc75f368f","hare","null","hare","0.895","0.3065354526042938","[0.6885,0.588,0.13,0.1122]","auto_only"
"3006b18e-5381-4436-9ce2-d5e69c97f9b7","df34afc9-5300-4819-9d1d-9579aad29914/1778175953162-f0cf9828071b.jpg","df34afc9-5300-4819-9d1d-9579aad29914","Zeiss","4154b746-cb39-448f-971b-9a193c55e3b8","Heubachwiesen","2026-05-07 16:42:09+00","4ea62979-9dad-4e34-a6a9-04292f2daf3c","roe_deer","null","roe_deer","0.279","0.31480658054351807","[0.3265,0.4531,0.0125,0.0135]","auto_only"
"353dc7e4-1f4f-4289-a161-cd8d299b9200","feea88bb-eaaa-4066-bb14-c99bbd219c9c/1778169262613-c118e11ac72f.jpg","feea88bb-eaaa-4066-bb14-c99bbd219c9c","xview","4154b746-cb39-448f-971b-9a193c55e3b8","Heubachwiesen","2026-05-07 15:54:23.503015+00","8731a91b-a445-42a5-9cd0-53be56b4987c","crow","null","crow","0.484","0.2791241705417633","[0.9591,0.1075,0.0408,0.0275]","auto_only"
"2c405a2b-5ffa-491a-9db5-460969508a5f","df34afc9-5300-4819-9d1d-9579aad29914/1778169976299-f9266e9998c7.jpg","df34afc9-5300-4819-9d1d-9579aad29914","Zeiss","4154b746-cb39-448f-971b-9a193c55e3b8","Heubachwiesen","2026-05-07 09:10:42+00","300ff1fb-e542-4b0b-911f-96358299ffe0","crow","null","crow","0.929","0.30081966519355774","[0.2375,0,0.1187,0.15]","auto_only"
"fb59c498-2688-4d6f-a8e4-d636ead78794","feea88bb-eaaa-4066-bb14-c99bbd219c9c/1778140486853-0608213523d6.jpg","feea88bb-eaaa-4066-bb14-c99bbd219c9c","xview","4154b746-cb39-448f-971b-9a193c55e3b8","Heubachwiesen","2026-05-07 07:54:47.775994+00","d15bddb1-f7dc-47b3-ba77-cbf6122d94e5","roe_deer","null","roe_deer","0.947","0.3175537586212158","[0.259,0.3682,0.2827,0.3098]","auto_only"
"8bcb66c5-cc11-4a91-9c12-dad4ce792fdc","df34afc9-5300-4819-9d1d-9579aad29914/1778134162937-a2571ec96c3c.png","df34afc9-5300-4819-9d1d-9579aad29914","Zeiss","4154b746-cb39-448f-971b-9a193c55e3b8","Heubachwiesen","2026-05-07 03:50:12+00","530473d0-56d2-4828-bda4-f4794890550a","roe_deer","null","roe_deer","0.918","0.30602604150772095","[0.3437,0.4468,0.0492,0.052]","auto_only"
"02b1cbc9-7163-4f3d-a8eb-33ebd51e0497","feea88bb-eaaa-4066-bb14-c99bbd219c9c/1778096256312-87ff7523459b.jpg","feea88bb-eaaa-4066-bb14-c99bbd219c9c","xview","4154b746-cb39-448f-971b-9a193c55e3b8","Heubachwiesen","2026-05-06 19:37:36.80175+00","8fbde2a7-5681-4d01-a39c-23450c973e5e","roe_deer","null","roe_deer","0.933","0.305644690990448","[0.1572,0.4616,0.257,0.2096]","auto_only"
"eb809476-62ec-4303-94ba-38bedca862b4","feea88bb-eaaa-4066-bb14-c99bbd219c9c/1778096253247-c8764c28f7b9.jpg","feea88bb-eaaa-4066-bb14-c99bbd219c9c","xview","4154b746-cb39-448f-971b-9a193c55e3b8","Heubachwiesen","2026-05-06 19:37:33.995736+00","71aa9c41-ed5b-495c-bc5b-f5f4da3f9b66","roe_deer","null","roe_deer","0.925","0.30733925104141235","[0,0.4583,0.2429,0.2103]","auto_only"
"bbaf294d-67e8-4b9b-96e5-f33a6875abbc","feea88bb-eaaa-4066-bb14-c99bbd219c9c/1778046314584-dea29a848cc1.jpg","feea88bb-eaaa-4066-bb14-c99bbd219c9c","xview","4154b746-cb39-448f-971b-9a193c55e3b8","Heubachwiesen","2026-05-06 05:45:15.588089+00","09b5a3ea-2e71-49f5-abcf-7bcaec45c596","hare","null","hare","0.673","0.3051069974899292","[0.9163,0.5725,0.0836,0.133]","auto_only"
"31e24ca0-c7ee-4040-9742-3e541745c871","feea88bb-eaaa-4066-bb14-c99bbd219c9c/1777973747814-4f65e6eedc12.jpg","feea88bb-eaaa-4066-bb14-c99bbd219c9c","xview","4154b746-cb39-448f-971b-9a193c55e3b8","Heubachwiesen","2026-05-05 09:35:48.723848+00","9aa66e84-4e1d-46be-8bff-ad8dab110bd8","roe_deer","null","roe_deer","0.952","0.3266681134700775","[0.1038,0.4294,0.2983,0.3077]","auto_only"
"f874dd7c-a59f-4fce-aa69-4f5529e5d99c","feea88bb-eaaa-4066-bb14-c99bbd219c9c/1777973744779-dc72af4ddf59.jpg","feea88bb-eaaa-4066-bb14-c99bbd219c9c","xview","4154b746-cb39-448f-971b-9a193c55e3b8","Heubachwiesen","2026-05-05 09:35:45.299311+00","647f24be-c5ff-46cd-9c0f-493f841493ac","roe_deer","null","roe_deer","0.966","0.32542335987091064","[0.0095,0.4415,0.2318,0.3017]","auto_only"
"f964d8be-a164-423c-b3fd-f72bd940ad02","df34afc9-5300-4819-9d1d-9579aad29914/1777981693674-696ce2163be6.jpg","df34afc9-5300-4819-9d1d-9579aad29914","Zeiss","4154b746-cb39-448f-971b-9a193c55e3b8","Heubachwiesen","2026-05-05 06:08:20+00","1388d9df-2e45-41ca-b2b9-dd81561339e4","hare","null","hare","0.59","0.3117932677268982","[0.2578,0.4812,0.0164,0.027]","auto_only"
"f964d8be-a164-423c-b3fd-f72bd940ad02","df34afc9-5300-4819-9d1d-9579aad29914/1777981693674-696ce2163be6.jpg","df34afc9-5300-4819-9d1d-9579aad29914","Zeiss","4154b746-cb39-448f-971b-9a193c55e3b8","Heubachwiesen","2026-05-05 06:08:20+00","706ca051-4ae0-4b2d-a492-1f772daee6a9","hare","null","hare","0.876","0.3233374059200287","[0.832,0.5489,0.0601,0.0625]","auto_only"
"461b30a5-4c24-4796-a877-10797387e0f1","df34afc9-5300-4819-9d1d-9579aad29914/1777960683092-b20ff11bcff3.png","df34afc9-5300-4819-9d1d-9579aad29914","Zeiss","4154b746-cb39-448f-971b-9a193c55e3b8","Heubachwiesen","2026-05-05 05:19:18+00","d48353a3-224b-4b2b-b089-41a95dbfba55","hare","null","hare","0.936","0.32536181807518005","[0.621,0.5916,0.1937,0.1968]","auto_only"
"b5c3ae8b-8122-4fbd-ba67-70272f7077d9","df34afc9-5300-4819-9d1d-9579aad29914/1777960683877-97acd4a3bffd.png","df34afc9-5300-4819-9d1d-9579aad29914","Zeiss","4154b746-cb39-448f-971b-9a193c55e3b8","Heubachwiesen","2026-05-05 01:27:30+00","742b92c5-081a-4397-a82d-033fc6b0d410","roe_deer","null","roe_deer","0.881","0.28018876910209656","[0.714,0.4854,0.075,0.125]","auto_only"
"ed2b6f45-ff5c-4f73-b515-f24cebc51e10","feea88bb-eaaa-4066-bb14-c99bbd219c9c/1777915577041-93c2d4c4cb11.jpg","feea88bb-eaaa-4066-bb14-c99bbd219c9c","xview","4154b746-cb39-448f-971b-9a193c55e3b8","Heubachwiesen","2026-05-04 17:26:17.939438+00","7f85da6c-25d1-4772-9e31-6286c0db67a1","roe_deer","null","roe_deer","0.9","0.3291661739349365","[0.2968,0.4274,0.1189,0.0712]","auto_only"
"139e5e7a-4e6c-413c-8abd-c7eb3f51dcf8","feea88bb-eaaa-4066-bb14-c99bbd219c9c/1777915573258-80f7772ae942.jpg","feea88bb-eaaa-4066-bb14-c99bbd219c9c","xview","4154b746-cb39-448f-971b-9a193c55e3b8","Heubachwiesen","2026-05-04 17:26:14.321249+00","668dbce2-5ebe-4837-99a2-fa14a76cde2e","roe_deer","null","roe_deer","0.878","0.33973363041877747","[0.2177,0.418,0.1209,0.0719]","auto_only"
"f5f8e96a-3314-4828-be46-623eb6b31037","feea88bb-eaaa-4066-bb14-c99bbd219c9c/1777881652483-9da1b60fe80b.jpg","feea88bb-eaaa-4066-bb14-c99bbd219c9c","xview","4154b746-cb39-448f-971b-9a193c55e3b8","Heubachwiesen","2026-05-04 08:00:52.88791+00","09045a4a-29d8-486f-a8e2-defc29eabbcf","hare","null","hare","0.605","0.314544677734375","[0.1683,0.4583,0.0735,0.0362]","auto_only"
"211fe60d-632f-42ae-bc5f-410827be77ba","feea88bb-eaaa-4066-bb14-c99bbd219c9c/1777880128661-ec22e244b4a2.jpg","feea88bb-eaaa-4066-bb14-c99bbd219c9c","xview","4154b746-cb39-448f-971b-9a193c55e3b8","Heubachwiesen","2026-05-04 07:35:29.720386+00","881a6b82-5a8a-4363-92f1-3bfaba099eab","hare","null","hare","0.751","0.30371472239494324","[0.9591,0.512,0.0408,0.053]","auto_only"
"fe029af1-c734-49db-8ccb-24c7eec28990","df34afc9-5300-4819-9d1d-9579aad29914/1777845780679-5b1b7c714d77.png","df34afc9-5300-4819-9d1d-9579aad29914","Zeiss","4154b746-cb39-448f-971b-9a193c55e3b8","Heubachwiesen","2026-05-03 21:51:20+00","75bd34ad-5ebf-4410-9671-f44c8c1b95cf","roe_deer","null","roe_deer","0.89","0.2890964448451996","[0.814,0.4739,0.1289,0.1666]","auto_only"
"fe029af1-c734-49db-8ccb-24c7eec28990","df34afc9-5300-4819-9d1d-9579aad29914/1777845780679-5b1b7c714d77.png","df34afc9-5300-4819-9d1d-9579aad29914","Zeiss","4154b746-cb39-448f-971b-9a193c55e3b8","Heubachwiesen","2026-05-03 21:51:20+00","e85782c6-25d6-41f5-bc57-8e6d8a7f328a","roe_deer","null","roe_deer","0.956","0.2922275960445404","[0.0234,0.401,0.2578,0.2218]","auto_only"
"b044b8f7-4d4e-4d74-b1ca-b7d8fd963a84","df34afc9-5300-4819-9d1d-9579aad29914/1777832768583-88d6533e05da.png","df34afc9-5300-4819-9d1d-9579aad29914","Zeiss","4154b746-cb39-448f-971b-9a193c55e3b8","Heubachwiesen","2026-05-03 18:06:47+00","0fe38222-905c-47cf-8e6a-4d82ec3965fa","roe_deer","null","roe_deer","0.915","0.335769385099411","[0.4343,0.4729,0.1085,0.0677]","auto_only"
"ce3848fc-855c-49cf-b321-755085974495","feea88bb-eaaa-4066-bb14-c99bbd219c9c/1777831572708-2ce03ad39edc.jpg","feea88bb-eaaa-4066-bb14-c99bbd219c9c","xview","4154b746-cb39-448f-971b-9a193c55e3b8","Heubachwiesen","2026-05-03 18:06:13.123325+00","620d2b6d-3f8f-4da3-add2-25dd147a288d","hare","null","hare","0.914","0.31522154808044434","[0.88,0.5887,0.1063,0.086]","auto_only"
"d8b952d1-12c6-45f7-b7d1-9e8599c8b894","feea88bb-eaaa-4066-bb14-c99bbd219c9c/1777831569363-14d225245cc0.jpg","feea88bb-eaaa-4066-bb14-c99bbd219c9c","xview","4154b746-cb39-448f-971b-9a193c55e3b8","Heubachwiesen","2026-05-03 18:06:10.089175+00","ad57a2d1-c64d-40f2-ba9f-95c842b1d27d","hare","null","hare","0.932","0.3120410442352295","[0.88,0.5759,0.1048,0.0967]","auto_only"
"17b8e3fd-88c0-4fe3-aa39-e19af56490b6","feea88bb-eaaa-4066-bb14-c99bbd219c9c/1777827835522-0c7a3a61782f.jpg","feea88bb-eaaa-4066-bb14-c99bbd219c9c","xview","4154b746-cb39-448f-971b-9a193c55e3b8","Heubachwiesen","2026-05-03 17:03:56.381404+00","0ec16e68-aa2c-47bf-96e2-82a445f82ae4","hare","null","hare","0.934","0.3196650743484497","[0.7116,0.672,0.0826,0.1512]","auto_only"
"9e6bc7d7-0e0f-4871-bd8e-16b74a219fc1","feea88bb-eaaa-4066-bb14-c99bbd219c9c/1777827831993-39a2f87d75ef.jpg","feea88bb-eaaa-4066-bb14-c99bbd219c9c","xview","4154b746-cb39-448f-971b-9a193c55e3b8","Heubachwiesen","2026-05-03 17:03:52.736396+00","39212368-e6fd-43a1-9686-9ea8906ddd47","hare","null","hare","0.937","0.311896413564682","[0.7106,0.6747,0.0786,0.1411]","auto_only"
"f8785cab-9e81-4eb7-ad7e-568fc0141de9","feea88bb-eaaa-4066-bb14-c99bbd219c9c/1777823677850-70e9ce9e4db5.jpg","feea88bb-eaaa-4066-bb14-c99bbd219c9c","xview","4154b746-cb39-448f-971b-9a193c55e3b8","Heubachwiesen","2026-05-03 15:54:38.542222+00","bf9db925-89a7-4db3-b8aa-57b00d5f929e","roe_deer","null","roe_deer","0.909","0.32673168182373047","[0.4853,0.4254,0.1265,0.088]","auto_only"
"fd2858b7-b080-4b33-ad65-a734185c466e","feea88bb-eaaa-4066-bb14-c99bbd219c9c/1777823674931-f330440fa202.jpg","feea88bb-eaaa-4066-bb14-c99bbd219c9c","xview","4154b746-cb39-448f-971b-9a193c55e3b8","Heubachwiesen","2026-05-03 15:54:35.800091+00","bf35f43d-a942-4b74-8f5d-f7ffe4429f79","roe_deer","null","roe_deer","0.886","0.3296092748641968","[0.4007,0.4247,0.1234,0.0799]","auto_only"
"069acec8-ca63-4450-b9ee-e27d1d6c890a","feea88bb-eaaa-4066-bb14-c99bbd219c9c/1777821925911-4343cd7cfd28.jpg","feea88bb-eaaa-4066-bb14-c99bbd219c9c","xview","4154b746-cb39-448f-971b-9a193c55e3b8","Heubachwiesen","2026-05-03 15:25:26.758762+00","33ee4fe6-e45f-49f2-81cb-087e10fa8ff1","hare","null","hare","0.841","0.32090774178504944","[0.9475,0.5161,0.0524,0.0591]","auto_only"
"7de131b4-07d8-43c7-b70f-2381da04bbb6","feea88bb-eaaa-4066-bb14-c99bbd219c9c/1777821922576-e8e7d00ef9fd.jpg","feea88bb-eaaa-4066-bb14-c99bbd219c9c","xview","4154b746-cb39-448f-971b-9a193c55e3b8","Heubachwiesen","2026-05-03 15:25:23.261002+00","6fd5401f-d3fb-432f-82ea-e4671d0e563a","hare","null","hare","0.829","0.3093295097351074","[0.887,0.5134,0.0509,0.0517]","auto_only"
"7cfb1059-ca40-4ab7-9e4d-a34baa680451","feea88bb-eaaa-4066-bb14-c99bbd219c9c/1777821735897-38e428f18536.jpg","feea88bb-eaaa-4066-bb14-c99bbd219c9c","xview","4154b746-cb39-448f-971b-9a193c55e3b8","Heubachwiesen","2026-05-03 15:22:16.300747+00","52b06b43-9a9d-4ecc-b611-309f65d1b894","hare","null","hare","0.897","0.3210088014602661","[0.9294,0.51,0.064,0.0611]","auto_only"
"87494d6f-3d15-4ba4-b950-d3fab6b2d0a9","df34afc9-5300-4819-9d1d-9579aad29914/1777825355478-4fb48a4e9001.png","df34afc9-5300-4819-9d1d-9579aad29914","Zeiss","4154b746-cb39-448f-971b-9a193c55e3b8","Heubachwiesen","2026-05-03 12:03:53+00","58a09575-4545-45d7-bd8c-f84577d2ab0c","roe_deer","null","roe_deer","0.826","0.29789215326309204","[0.1499,0.4499,0.021,0.027]","auto_only"
"59b059c9-f5bf-4e9f-869b-96825a6bcb6f","df34afc9-5300-4819-9d1d-9579aad29914/1777803450200-1eeb73b68659.png","df34afc9-5300-4819-9d1d-9579aad29914","Zeiss","4154b746-cb39-448f-971b-9a193c55e3b8","Heubachwiesen","2026-05-03 10:10:31+00","064d195d-90fb-483f-b7a6-f6a519568b5c","roe_deer","null","roe_deer","0.929","0.31048649549484253","[0.3882,0.4541,0.0765,0.0708]","auto_only"
"c641217c-e779-4129-9b63-1155ffe3494c","df34afc9-5300-4819-9d1d-9579aad29914/1777801975703-1525f3f5512e.png","df34afc9-5300-4819-9d1d-9579aad29914","Zeiss","4154b746-cb39-448f-971b-9a193c55e3b8","Heubachwiesen","2026-05-03 07:56:53+00","f9258e07-8ed1-48aa-aebb-d3f961001a99","crow","null","crow","0.954","0.32400718331336975","[0.4335,0.401,0.0765,0.1124]","auto_only"
"250a84c2-b60d-4b98-9160-73db090af91d","feea88bb-eaaa-4066-bb14-c99bbd219c9c/1777743424648-d948b94ab187.jpg","feea88bb-eaaa-4066-bb14-c99bbd219c9c","xview","4154b746-cb39-448f-971b-9a193c55e3b8","Heubachwiesen","2026-05-02 17:37:05.322918+00","45c2a857-4683-43c0-aef0-4b9808146737","hare","null","hare","0.945","0.31302398443222046","[0.6491,0.5672,0.1335,0.1364]","auto_only"
"5dd325a2-7313-48d2-86b2-2eaa45aefabb","feea88bb-eaaa-4066-bb14-c99bbd219c9c/1777743421519-8c13a36eda98.jpg","feea88bb-eaaa-4066-bb14-c99bbd219c9c","xview","4154b746-cb39-448f-971b-9a193c55e3b8","Heubachwiesen","2026-05-02 17:37:02.406085+00","e9304082-37ab-4ce6-9a99-a8a91d46222a","hare","null","hare","0.948","0.32103416323661804","[0.4536,0.5638,0.1804,0.1223]","auto_only"
"7742602e-04dc-4aa8-a30f-cb012d526286","feea88bb-eaaa-4066-bb14-c99bbd219c9c/1777741372446-9abb04a0e8a8.jpg","feea88bb-eaaa-4066-bb14-c99bbd219c9c","xview","4154b746-cb39-448f-971b-9a193c55e3b8","Heubachwiesen","2026-05-02 17:02:53.094434+00","e10456ee-c440-4fb7-9fa4-fcbff6187c71","hare","null","hare","0.839","0.3078535497188568","[0.4959,0.5208,0.0861,0.1055]","auto_only"
"099fb74a-dd7b-4844-b6a1-8809a39aeb3f","feea88bb-eaaa-4066-bb14-c99bbd219c9c/1777741369532-aa72e5bea144.jpg","feea88bb-eaaa-4066-bb14-c99bbd219c9c","xview","4154b746-cb39-448f-971b-9a193c55e3b8","Heubachwiesen","2026-05-02 17:02:50.277892+00","8d7cf87e-b91e-4da5-9ecb-c54127e8cf54","hare","null","hare","0.905","0.33964625000953674","[0.26,0.4905,0.1149,0.0826]","auto_only"
"b98e56d8-0b29-4e68-a0a8-c9e329b5422e","df34afc9-5300-4819-9d1d-9579aad29914/1777745236407-e903cb4a9393.png","df34afc9-5300-4819-9d1d-9579aad29914","Zeiss","4154b746-cb39-448f-971b-9a193c55e3b8","Heubachwiesen","2026-05-02 15:16:26+00","354e8bef-4bde-4ad9-b8da-44df7a8bd06a","hare","null","hare","0.958","0.30541151762008667","[0.4546,0.5677,0.1093,0.1437]","auto_only"
"0ba025cc-a33b-421d-8c30-f150c9e4d5ec","df34afc9-5300-4819-9d1d-9579aad29914/1777745237698-2667192d3a46.png","df34afc9-5300-4819-9d1d-9579aad29914","Zeiss","4154b746-cb39-448f-971b-9a193c55e3b8","Heubachwiesen","2026-05-02 15:15:31+00","09eb1da2-0edc-4461-8399-8810b28e14b7","hare","null","hare","0.917","0.3106760084629059","[0.2515,0.4927,0.082,0.0666]","auto_only"
"3c1d569c-8311-46e5-af66-f5160f5252e4","df34afc9-5300-4819-9d1d-9579aad29914/1777745238396-e94303d04f6a.png","df34afc9-5300-4819-9d1d-9579aad29914","Zeiss","4154b746-cb39-448f-971b-9a193c55e3b8","Heubachwiesen","2026-05-02 08:22:09+00","86799fee-f10d-464f-a5a0-3f8b35334249","hare","null","hare","0.912","0.31938713788986206","[0.6312,0.5604,0.0953,0.1187]","auto_only"
"3c1d569c-8311-46e5-af66-f5160f5252e4","df34afc9-5300-4819-9d1d-9579aad29914/1777745238396-e94303d04f6a.png","df34afc9-5300-4819-9d1d-9579aad29914","Zeiss","4154b746-cb39-448f-971b-9a193c55e3b8","Heubachwiesen","2026-05-02 08:22:09+00","b471aa3a-263a-4cbf-977d-6a93ad3df9e1","roe_deer","null","roe_deer","0.428","0.27858853340148926","[0.9343,0.5395,0.0148,0.0145]","auto_only"
"3c1d569c-8311-46e5-af66-f5160f5252e4","df34afc9-5300-4819-9d1d-9579aad29914/1777745238396-e94303d04f6a.png","df34afc9-5300-4819-9d1d-9579aad29914","Zeiss","4154b746-cb39-448f-971b-9a193c55e3b8","Heubachwiesen","2026-05-02 08:22:09+00","541ded41-a8dc-46c2-8a1a-1f110a4146d8","hare","null","hare","0.28","0.2776801586151123","[0.9929,0.5427,0.007,0.0177]","auto_only"
"7d69fd66-e0d4-4dab-bbe0-06ff4d3de814","feea88bb-eaaa-4066-bb14-c99bbd219c9c/1777708181401-4a3825afd721.jpg","feea88bb-eaaa-4066-bb14-c99bbd219c9c","xview","4154b746-cb39-448f-971b-9a193c55e3b8","Heubachwiesen","2026-05-02 07:49:42.05128+00","8e747b9f-7e12-4952-98c3-172b47d95b23","roe_deer","null","roe_deer","0.969","0.3128919005393982","[0,0.3783,0.3271,0.3319]","auto_only"
"ee3a13e0-8f7b-4e21-8a75-d4cc9c939d8f","feea88bb-eaaa-4066-bb14-c99bbd219c9c/1777627844466-2846c82f541f.jpg","feea88bb-eaaa-4066-bb14-c99bbd219c9c","xview","4154b746-cb39-448f-971b-9a193c55e3b8","Heubachwiesen","2026-05-01 09:30:44.942766+00","bc77c3ad-f4b8-4761-af06-e334c1c9fba4","roe_deer","null","roe_deer","0.876","0.3384230136871338","[0.8843,0.413,0.1156,0.2109]","auto_only"
"89968cfe-a8c3-48fb-afe1-471d747f5005","feea88bb-eaaa-4066-bb14-c99bbd219c9c/1777575961664-6080b3ca5910.jpg","feea88bb-eaaa-4066-bb14-c99bbd219c9c","xview","4154b746-cb39-448f-971b-9a193c55e3b8","Heubachwiesen","2026-04-30 19:06:02.458274+00","f352fe8c-1e3d-43c9-8b04-94d5714e4d3b","roe_deer","null","roe_deer","0.952","0.30706787109375","[0.0347,0.3953,0.2906,0.238]","auto_only"
"2433fa1c-78f6-4928-97c8-322075cb5619","feea88bb-eaaa-4066-bb14-c99bbd219c9c/1777523172759-b42d0c9f0abe.jpg","feea88bb-eaaa-4066-bb14-c99bbd219c9c","xview","4154b746-cb39-448f-971b-9a193c55e3b8","Heubachwiesen","2026-04-30 04:26:13.511778+00","95783c47-f92f-485a-a79b-d6fb64ac22aa","roe_deer","null","roe_deer","0.936","0.30465471744537354","[0,0.4005,0.296,0.2953]","auto_only"
"fd88eb7f-d5ea-4aa0-9188-500678788b1b","eaf40d17-c061-4049-ac44-1ed3fa0158ec/1777308782036-f077790c1b31.jpg","eaf40d17-c061-4049-ac44-1ed3fa0158ec","Reolink","4154b746-cb39-448f-971b-9a193c55e3b8","Heubachwiesen","2026-04-27 16:53:02.848168+00","70bca2ff-1580-4ff5-87f9-c6ddbfc0d7da","roe_deer","null","roe_deer","0.98","null","null","auto_only"
"fd88eb7f-d5ea-4aa0-9188-500678788b1b","eaf40d17-c061-4049-ac44-1ed3fa0158ec/1777308782036-f077790c1b31.jpg","eaf40d17-c061-4049-ac44-1ed3fa0158ec","Reolink","4154b746-cb39-448f-971b-9a193c55e3b8","Heubachwiesen","2026-04-27 16:53:02.848168+00","33d8b7e6-d85b-4c25-ae3b-adad2a9a72b4","roe_deer","null","roe_deer","0.98","null","null","auto_only"
